{
  "timestamp": "2026-06-12T09:15:57.457Z",
  "tolerance": 0.5,
  "summary": {
    "pass": 0,
    "fail": 1,
    "skip": 0,
    "error": 0
  },
  "total": 1,
  "results": [
    {
      "province": "liaoning",
      "caseId": "1",
      "file": "1.json",
      "status": "fail",
      "reason": null,
      "maxDiff": 40.08000000000038,
      "diffs": [
        {
          "label": "基础养老金",
          "expect": 2803.02,
          "actual": 2802.14,
          "diff": 0.8800000000001091
        },
        {
          "label": "增发养老金",
          "expect": 176.62,
          "actual": 207.35,
          "diff": 30.72999999999999
        },
        {
          "label": "月养老金合计",
          "expect": 4073.18,
          "actual": 4113.26,
          "diff": 40.08000000000038
        }
      ],
      "actual": {
        "total": 4113.26
      },
      "expected": {
        "basic": 2803.02,
        "extra": 176.62,
        "personal": 873.31,
        "transitional": null,
        "total": 4073.18
      }
    }
  ]
}